group,variable,value,religion
1,Románia,2,Római Katolikus
2,Románia,2,Római Katolikus
3,Románia,2,Római Katolikus
4,Románia,2,Római Katolikus
5,Románia,2,Római Katolikus
6,Románia,2,Római Katolikus
7,Románia,2,Római Katolikus
8,Románia,2,Római Katolikus
9,Románia,2,Római Katolikus
10,Románia,2,Római Katolikus
11,Románia,2,Római Katolikus
12,Románia,2,Római Katolikus
13,Románia,2,Római Katolikus
14,Románia,2,Római Katolikus
15,Románia,2,Római Katolikus
16,Románia,2,Római Katolikus
17,Románia,2,Római Katolikus
18,Románia,2,Római Katolikus
19,Románia,2,Római Katolikus
20,Románia,2,Római Katolikus
21,Románia,2,Római Katolikus
22,Románia,2,Római Katolikus
23,Románia,2,Római Katolikus
24,Románia,2,Római Katolikus
25,Románia,2,Római Katolikus
26,Románia,2,Római Katolikus
27,Románia,2,Római Katolikus
28,Románia,2,Római Katolikus
29,Románia,2,Római Katolikus
30,Románia,2,Római Katolikus
31,Románia,2,Római Katolikus
32,Románia,2,Római Katolikus
33,Románia,2,Római Katolikus
34,Románia,2,Római Katolikus
35,Románia,2,Római Katolikus
36,Románia,2,Római Katolikus
37,Románia,2,Római Katolikus
38,Románia,2,Római Katolikus
39,Románia,2,Római Katolikus
40,Románia,2,Római Katolikus
41,Románia,2,Római Katolikus
42,Románia,1,Református
43,Románia,1,Református
44,Románia,1,Református
45,Románia,1,Református
46,Románia,1,Református
47,Románia,1,Református
48,Románia,1,Református
49,Románia,1,Református
50,Románia,1,Református
51,Románia,1,Református
52,Románia,1,Református
53,Románia,1,Református
54,Románia,1,Református
55,Románia,1,Református
56,Románia,1,Református
57,Románia,1,Református
58,Románia,1,Református
59,Románia,1,Református
60,Románia,1,Református
61,Románia,1,Református
62,Románia,1,Református
63,Románia,1,Református
64,Románia,1,Református
65,Románia,1,Református
66,Románia,1,Református
67,Románia,1,Református
68,Románia,1,Református
69,Románia,1,Református
70,Románia,1,Református
71,Románia,1,Református
72,Románia,1,Református
73,Románia,1,Református
74,Románia,1,Református
75,Románia,1,Református
76,Románia,1,Református
77,Románia,1,Református
78,Románia,1,Református
79,Románia,1,Református
80,Románia,1,Református
81,Románia,1,Református
82,Románia,1,Református
83,Románia,1,Református
84,Románia,1,Református
85,Románia,1,Református
86,Románia,1,Református
87,Románia,1,Református
88,Románia,5,Egyéb
89,Románia,5,Egyéb
90,Románia,5,Egyéb
91,Románia,5,Egyéb
92,Románia,5,Egyéb
93,Románia,5,Egyéb
94,Románia,5,Egyéb
95,Románia,3,Unitárius
96,Románia,3,Unitárius
97,Románia,3,Unitárius
98,Románia,3,Unitárius
99,Románia,4,Román Ortodox
100,Románia,4,Román Ortodox
1,Szlovákia,2,Római Katolikus
2,Szlovákia,2,Római Katolikus
3,Szlovákia,2,Római Katolikus
4,Szlovákia,2,Római Katolikus
5,Szlovákia,2,Római Katolikus
6,Szlovákia,2,Római Katolikus
7,Szlovákia,2,Római Katolikus
8,Szlovákia,2,Római Katolikus
9,Szlovákia,2,Római Katolikus
10,Szlovákia,2,Római Katolikus
11,Szlovákia,2,Római Katolikus
12,Szlovákia,2,Római Katolikus
13,Szlovákia,2,Római Katolikus
14,Szlovákia,2,Római Katolikus
15,Szlovákia,2,Római Katolikus
16,Szlovákia,2,Római Katolikus
17,Szlovákia,2,Római Katolikus
18,Szlovákia,2,Római Katolikus
19,Szlovákia,2,Római Katolikus
20,Szlovákia,2,Római Katolikus
21,Szlovákia,2,Római Katolikus
22,Szlovákia,2,Római Katolikus
23,Szlovákia,2,Római Katolikus
24,Szlovákia,2,Római Katolikus
25,Szlovákia,2,Római Katolikus
26,Szlovákia,2,Római Katolikus
27,Szlovákia,2,Római Katolikus
28,Szlovákia,2,Római Katolikus
29,Szlovákia,2,Római Katolikus
30,Szlovákia,2,Római Katolikus
31,Szlovákia,2,Római Katolikus
32,Szlovákia,2,Római Katolikus
33,Szlovákia,2,Római Katolikus
34,Szlovákia,2,Római Katolikus
35,Szlovákia,2,Római Katolikus
36,Szlovákia,2,Római Katolikus
37,Szlovákia,2,Római Katolikus
38,Szlovákia,2,Római Katolikus
39,Szlovákia,2,Római Katolikus
40,Szlovákia,2,Római Katolikus
41,Szlovákia,2,Római Katolikus
42,Szlovákia,2,Római Katolikus
43,Szlovákia,2,Római Katolikus
44,Szlovákia,2,Római Katolikus
45,Szlovákia,2,Római Katolikus
46,Szlovákia,2,Római Katolikus
47,Szlovákia,2,Római Katolikus
48,Szlovákia,2,Római Katolikus
49,Szlovákia,2,Római Katolikus
50,Szlovákia,2,Római Katolikus
51,Szlovákia,2,Római Katolikus
52,Szlovákia,2,Római Katolikus
53,Szlovákia,2,Római Katolikus
54,Szlovákia,2,Római Katolikus
55,Szlovákia,2,Római Katolikus
56,Szlovákia,2,Római Katolikus
57,Szlovákia,2,Római Katolikus
58,Szlovákia,2,Római Katolikus
59,Szlovákia,2,Római Katolikus
60,Szlovákia,2,Római Katolikus
61,Szlovákia,2,Római Katolikus
62,Szlovákia,2,Római Katolikus
63,Szlovákia,2,Római Katolikus
64,Szlovákia,2,Római Katolikus
65,Szlovákia,2,Római Katolikus
66,Szlovákia,2,Római Katolikus
67,Szlovákia,2,Római Katolikus
68,Szlovákia,2,Római Katolikus
69,Szlovákia,2,Római Katolikus
70,Szlovákia,2,Római Katolikus
71,Szlovákia,2,Római Katolikus
72,Szlovákia,2,Római Katolikus
73,Szlovákia,2,Római Katolikus
74,Szlovákia,6,Kalvinizmus
75,Szlovákia,6, Kalvinizmus
76,Szlovákia,6, Kalvinizmus
77,Szlovákia,6, Kalvinizmus
78,Szlovákia,6, Kalvinizmus
79,Szlovákia,6, Kalvinizmus
80,Szlovákia,6, Kalvinizmus
81,Szlovákia,6, Kalvinizmus
82,Szlovákia,6, Kalvinizmus
83,Szlovákia,6, Kalvinizmus
84,Szlovákia,6, Kalvinizmus
85,Szlovákia,6, Kalvinizmus
86,Szlovákia,6, Kalvinizmus
87,Szlovákia,6, Kalvinizmus
88,Szlovákia,6, Kalvinizmus
89,Szlovákia,6, Kalvinizmus
90,Szlovákia,5,Egyéb
91,Szlovákia,5,Egyéb
92,Szlovákia,5,Egyéb
93,Szlovákia,5,Egyéb
94,Szlovákia,5,Egyéb
95,Szlovákia,5,Egyéb
96,Szlovákia,5,Egyéb
97,Szlovákia,5,Egyéb
98,Szlovákia,5,Egyéb
99,Szlovákia,5,Egyéb
100,Szlovákia,5,Egyéb
1,Szerbia,7,Katolikus
2,Szerbia,7,Katolikus
3,Szerbia,7,Katolikus
4,Szerbia,7,Katolikus
5,Szerbia,7,Katolikus
6,Szerbia,7,Katolikus
7,Szerbia,7,Katolikus
8,Szerbia,7,Katolikus
9,Szerbia,7,Katolikus
10,Szerbia,7,Katolikus
11,Szerbia,7,Katolikus
12,Szerbia,7,Katolikus
13,Szerbia,7,Katolikus
14,Szerbia,7,Katolikus
15,Szerbia,7,Katolikus
16,Szerbia,7,Katolikus
17,Szerbia,7,Katolikus
18,Szerbia,7,Katolikus
19,Szerbia,7,Katolikus
20,Szerbia,7,Katolikus
21,Szerbia,7,Katolikus
22,Szerbia,7,Katolikus
23,Szerbia,7,Katolikus
24,Szerbia,7,Katolikus
25,Szerbia,7,Katolikus
26,Szerbia,7,Katolikus
27,Szerbia,7,Katolikus
28,Szerbia,7,Katolikus
29,Szerbia,7,Katolikus
30,Szerbia,7,Katolikus
31,Szerbia,7,Katolikus
32,Szerbia,7,Katolikus
33,Szerbia,7,Katolikus
34,Szerbia,7,Katolikus
35,Szerbia,7,Katolikus
36,Szerbia,7,Katolikus
37,Szerbia,7,Katolikus
38,Szerbia,7,Katolikus
39,Szerbia,7,Katolikus
40,Szerbia,7,Katolikus
41,Szerbia,7,Katolikus
42,Szerbia,7,Katolikus
43,Szerbia,7,Katolikus
44,Szerbia,7,Katolikus
45,Szerbia,7,Katolikus
46,Szerbia,7,Katolikus
47,Szerbia,7,Katolikus
48,Szerbia,7,Katolikus
49,Szerbia,7,Katolikus
50,Szerbia,7,Katolikus
51,Szerbia,7,Katolikus
52,Szerbia,7,Katolikus
53,Szerbia,7,Katolikus
54,Szerbia,7,Katolikus
55,Szerbia,7,Katolikus
56,Szerbia,7,Katolikus
57,Szerbia,7,Katolikus
58,Szerbia,7,Katolikus
59,Szerbia,7,Katolikus
60,Szerbia,7,Katolikus
61,Szerbia,7,Katolikus
62,Szerbia,7,Katolikus
63,Szerbia,7,Katolikus
64,Szerbia,7,Katolikus
65,Szerbia,7,Katolikus
66,Szerbia,7,Katolikus
67,Szerbia,7,Katolikus
68,Szerbia,7,Katolikus
69,Szerbia,7,Katolikus
70,Szerbia,7,Katolikus
71,Szerbia,7,Katolikus
72,Szerbia,7,Katolikus
73,Szerbia,7,Katolikus
74,Szerbia,7,Katolikus
75,Szerbia,7,Katolikus
76,Szerbia,7,Katolikus
77,Szerbia,7,Katolikus
78,Szerbia,7,Katolikus
79,Szerbia,7,Katolikus
80,Szerbia,7,Katolikus
81,Szerbia,7,Katolikus
82,Szerbia,7,Katolikus
83,Szerbia,7,Katolikus
84,Szerbia,7,Katolikus
85,Szerbia,7,Katolikus
86,Szerbia,7,Katolikus
87,Szerbia,7,Katolikus
88,Szerbia,7,Katolikus
89,Szerbia,8,Protesztáns
90,Szerbia,8,Protesztáns
91,Szerbia,8,Protesztáns
92,Szerbia,8,Protesztáns
93,Szerbia,8,Protesztáns
94,Szerbia,8,Protesztáns
95,Szerbia,5,Egyéb
96,Szerbia,5,Egyéb
97,Szerbia,5,Egyéb
98,Szerbia,5,Egyéb
99,Szerbia,5,Egyéb
100,Szerbia,9,Kelet Ortodox
1,Ausztria,2,Római Katolikus
2,Ausztria,2,Római Katolikus
3,Ausztria,2,Római Katolikus
4,Ausztria,2,Római Katolikus
5,Ausztria,2,Római Katolikus
6,Ausztria,2,Római Katolikus
7,Ausztria,2,Római Katolikus
8,Ausztria,2,Római Katolikus
9,Ausztria,2,Római Katolikus
10,Ausztria,2,Római Katolikus
11,Ausztria,2,Római Katolikus
12,Ausztria,2,Római Katolikus
13,Ausztria,2,Római Katolikus
14,Ausztria,2,Római Katolikus
15,Ausztria,2,Római Katolikus
16,Ausztria,2,Római Katolikus
17,Ausztria,2,Római Katolikus
18,Ausztria,2,Római Katolikus
19,Ausztria,2,Római Katolikus
20,Ausztria,2,Római Katolikus
21,Ausztria,2,Római Katolikus
22,Ausztria,2,Római Katolikus
23,Ausztria,2,Római Katolikus
24,Ausztria,2,Római Katolikus
25,Ausztria,2,Római Katolikus
26,Ausztria,2,Római Katolikus
27,Ausztria,2,Római Katolikus
28,Ausztria,2,Római Katolikus
29,Ausztria,2,Római Katolikus
30,Ausztria,2,Római Katolikus
31,Ausztria,2,Római Katolikus
32,Ausztria,2,Római Katolikus
33,Ausztria,2,Római Katolikus
34,Ausztria,2,Római Katolikus
35,Ausztria,2,Római Katolikus
36,Ausztria,2,Római Katolikus
37,Ausztria,2,Római Katolikus
38,Ausztria,2,Római Katolikus
39,Ausztria,2,Római Katolikus
40,Ausztria,2,Római Katolikus
41,Ausztria,2,Római Katolikus
42,Ausztria,2,Római Katolikus
43,Ausztria,2,Római Katolikus
44,Ausztria,2,Római Katolikus
45,Ausztria,2,Római Katolikus
46,Ausztria,2,Római Katolikus
47,Ausztria,2,Római Katolikus
48,Ausztria,2,Római Katolikus
49,Ausztria,2,Római Katolikus
50,Ausztria,2,Római Katolikus
51,Ausztria,2,Római Katolikus
52,Ausztria,2,Római Katolikus
53,Ausztria,2,Római Katolikus
54,Ausztria,2,Római Katolikus
55,Ausztria,2,Római Katolikus
56,Ausztria,2,Római Katolikus
57,Ausztria,2,Római Katolikus
58,Ausztria,2,Római Katolikus
59,Ausztria,2,Római Katolikus
60,Ausztria,2,Római Katolikus
61,Ausztria,2,Római Katolikus
62,Ausztria,2,Római Katolikus
63,Ausztria,2,Római Katolikus
64,Ausztria,2,Római Katolikus
65,Ausztria,2,Római Katolikus
66,Ausztria,2,Római Katolikus
67,Ausztria,5,Egyéb
68,Ausztria,5,Egyéb
69,Ausztria,5,Egyéb
70,Ausztria,5,Egyéb
71,Ausztria,5,Egyéb
72,Ausztria,5,Egyéb
73,Ausztria,5,Egyéb
74,Ausztria,5,Egyéb
75,Ausztria,5,Egyéb
76,Ausztria,5,Egyéb
77,Ausztria,5,Egyéb
78,Ausztria,5,Egyéb
79,Ausztria,5,Egyéb
80,Ausztria,5,Egyéb
81,Ausztria,5,Egyéb
82,Ausztria,5,Egyéb
83,Ausztria,5,Egyéb
84,Ausztria,5,Egyéb
85,Ausztria,10,Luteránizmus
86,Ausztria,10,Luteránizmus
87,Ausztria,10,Luteránizmus
88,Ausztria,10,Luteránizmus
89,Ausztria,10,Luteránizmus
90,Ausztria,10,Luteránizmus
91,Ausztria,10,Luteránizmus
92,Ausztria,10,Luteránizmus
93,Ausztria,10,Luteránizmus
94,Ausztria,10,Luteránizmus
95,Ausztria,10,Luteránizmus
96,Ausztria,10,Luteránizmus
97,Ausztria,6,Kalvinizmus
98,Ausztria,6,Kalvinizmus
99,Ausztria,6,Kalvinizmus
100,Ausztria,6,Kalvinizmus
1,Horvátország,7,Katolikus
2,Horvátország,7,Katolikus
3,Horvátország,7,Katolikus
4,Horvátország,7,Katolikus
5,Horvátország,7,Katolikus
6,Horvátország,7,Katolikus
7,Horvátország,7,Katolikus
8,Horvátország,7,Katolikus
9,Horvátország,7,Katolikus
10,Horvátország,7,Katolikus
11,Horvátország,7,Katolikus
12,Horvátország,7,Katolikus
13,Horvátország,7,Katolikus
14,Horvátország,7,Katolikus
15,Horvátország,7,Katolikus
16,Horvátország,7,Katolikus
17,Horvátország,7,Katolikus
18,Horvátország,7,Katolikus
19,Horvátország,7,Katolikus
20,Horvátország,7,Katolikus
21,Horvátország,7,Katolikus
22,Horvátország,7,Katolikus
23,Horvátország,7,Katolikus
24,Horvátország,7,Katolikus
25,Horvátország,7,Katolikus
26,Horvátország,7,Katolikus
27,Horvátország,7,Katolikus
28,Horvátország,7,Katolikus
29,Horvátország,7,Katolikus
30,Horvátország,7,Katolikus
31,Horvátország,7,Katolikus
32,Horvátország,7,Katolikus
33,Horvátország,7,Katolikus
34,Horvátország,7,Katolikus
35,Horvátország,7,Katolikus
36,Horvátország,7,Katolikus
37,Horvátország,7,Katolikus
38,Horvátország,7,Katolikus
39,Horvátország,7,Katolikus
40,Horvátország,7,Katolikus
41,Horvátország,7,Katolikus
42,Horvátország,7,Katolikus
43,Horvátország,7,Katolikus
44,Horvátország,7,Katolikus
45,Horvátország,7,Katolikus
46,Horvátország,7,Katolikus
47,Horvátország,7,Katolikus
48,Horvátország,7,Katolikus
49,Horvátország,7,Katolikus
50,Horvátország,7,Katolikus
51,Horvátország,7,Katolikus
52,Horvátország,7,Katolikus
53,Horvátország,7,Katolikus
54,Horvátország,7,Katolikus
55,Horvátország,7,Katolikus
56,Horvátország,7,Katolikus
57,Horvátország,7,Katolikus
58,Horvátország,7,Katolikus
59,Horvátország,7,Katolikus
60,Horvátország,7,Katolikus
61,Horvátország,7,Katolikus
62,Horvátország,7,Katolikus
63,Horvátország,7,Katolikus
64,Horvátország,7,Katolikus
65,Horvátország,7,Katolikus
66,Horvátország,7,Katolikus
67,Horvátország,7,Katolikus
68,Horvátország,7,Katolikus
69,Horvátország,7,Katolikus
70,Horvátország,7,Katolikus
71,Horvátország,7,Katolikus
72,Horvátország,7,Katolikus
73,Horvátország,7,Katolikus
74,Horvátország,7,Katolikus
75,Horvátország,7,Katolikus
76,Horvátország,7,Katolikus
77,Horvátország,7,Katolikus
78,Horvátország,7,Katolikus
79,Horvátország,7,Katolikus
80,Horvátország,7,Katolikus
81,Horvátország,7,Katolikus
82,Horvátország,7,Katolikus
83,Horvátország,7,Katolikus
84,Horvátország,7,Katolikus
85,Horvátország,7,Katolikus
86,Horvátország,7,Katolikus
87,Horvátország,7,Katolikus
88,Horvátország,7,Katolikus
89,Horvátország,5,Egyéb
90,Horvátország,5,Egyéb
91,Horvátország,5,Egyéb
92,Horvátország,5,Egyéb
93,Horvátország,5,Egyéb
94,Horvátország,5,Egyéb
95,Horvátország,5,Egyéb
96,Horvátország,5,Egyéb
97,Horvátország,5,Egyéb
98,Horvátország,5,Egyéb
99,Horvátország,6,Kalvinizmus
100,Horvátország,6,Kalvinizmus
1,Szlovénia,7,Katolikus
2,Szlovénia,7,Katolikus
3,Szlovénia,7,Katolikus
4,Szlovénia,7,Katolikus
5,Szlovénia,7,Katolikus
6,Szlovénia,7,Katolikus
7,Szlovénia,7,Katolikus
8,Szlovénia,7,Katolikus
9,Szlovénia,7,Katolikus
10,Szlovénia,7,Katolikus
11,Szlovénia,7,Katolikus
12,Szlovénia,7,Katolikus
13,Szlovénia,7,Katolikus
14,Szlovénia,7,Katolikus
15,Szlovénia,7,Katolikus
16,Szlovénia,7,Katolikus
17,Szlovénia,7,Katolikus
18,Szlovénia,7,Katolikus
19,Szlovénia,7,Katolikus
20,Szlovénia,7,Katolikus
21,Szlovénia,7,Katolikus
22,Szlovénia,7,Katolikus
23,Szlovénia,7,Katolikus
24,Szlovénia,7,Katolikus
25,Szlovénia,7,Katolikus
26,Szlovénia,7,Katolikus
27,Szlovénia,7,Katolikus
28,Szlovénia,7,Katolikus
29,Szlovénia,7,Katolikus
30,Szlovénia,7,Katolikus
31,Szlovénia,7,Katolikus
32,Szlovénia,7,Katolikus
33,Szlovénia,7,Katolikus
34,Szlovénia,7,Katolikus
35,Szlovénia,7,Katolikus
36,Szlovénia,7,Katolikus
37,Szlovénia,7,Katolikus
38,Szlovénia,7,Katolikus
39,Szlovénia,7,Katolikus
40,Szlovénia,7,Katolikus
41,Szlovénia,7,Katolikus
42,Szlovénia,7,Katolikus
43,Szlovénia,7,Katolikus
44,Szlovénia,7,Katolikus
45,Szlovénia,7,Katolikus
46,Szlovénia,7,Katolikus
47,Szlovénia,7,Katolikus
48,Szlovénia,7,Katolikus
49,Szlovénia,7,Katolikus
50,Szlovénia,7,Katolikus
51,Szlovénia,7,Katolikus
52,Szlovénia,7,Katolikus
53,Szlovénia,7,Katolikus
54,Szlovénia,7,Katolikus
55,Szlovénia,7,Katolikus
56,Szlovénia,7,Katolikus
57,Szlovénia,7,Katolikus
58,Szlovénia,7,Katolikus
59,Szlovénia,7,Katolikus
60,Szlovénia,7,Katolikus
61,Szlovénia,7,Katolikus
62,Szlovénia,7,Katolikus
63,Szlovénia,7,Katolikus
64,Szlovénia,7,Katolikus
65,Szlovénia,7,Katolikus
66,Szlovénia,7,Katolikus
67,Szlovénia,7,Katolikus
68,Szlovénia,7,Katolikus
69,Szlovénia,7,Katolikus
70,Szlovénia,7,Katolikus
71,Szlovénia,5,Egyéb
72,Szlovénia,5,Egyéb
73,Szlovénia,5,Egyéb
74,Szlovénia,5,Egyéb
75,Szlovénia,5,Egyéb
76,Szlovénia,5,Egyéb
77,Szlovénia,5,Egyéb
78,Szlovénia,5,Egyéb
79,Szlovénia,5,Egyéb
80,Szlovénia,5,Egyéb
81,Szlovénia,5,Egyéb
82,Szlovénia,5,Egyéb
83,Szlovénia,5,Egyéb
84,Szlovénia,5,Egyéb
85,Szlovénia,5,Egyéb
86,Szlovénia,5,Egyéb
87,Szlovénia,10,Luteránizmus
88,Szlovénia,10,Luteránizmus
89,Szlovénia,10,Luteránizmus
90,Szlovénia,10,Luteránizmus
91,Szlovénia,10,Luteránizmus
92,Szlovénia,10,Luteránizmus
93,Szlovénia,10,Luteránizmus
94,Szlovénia,10,Luteránizmus
95,Szlovénia,10,Luteránizmus
96,Szlovénia,10,Luteránizmus
97,Szlovénia,10,Luteránizmus
98,Szlovénia,10,Luteránizmus
99,Szlovénia,10,Luteránizmus
100,Szlovénia,10,Luteránizmus
1,Egyesült Államok,2,Római Katolikus
2,Egyesült Államok,2,Római Katolikus
3,Egyesült Államok,2,Római Katolikus
4,Egyesült Államok,2,Római Katolikus
5,Egyesült Államok,2,Római Katolikus
6,Egyesült Államok,2,Római Katolikus
7,Egyesült Államok,2,Római Katolikus
8,Egyesült Államok,2,Római Katolikus
9,Egyesült Államok,2,Római Katolikus
10,Egyesült Államok,2,Római Katolikus
11,Egyesült Államok,2,Római Katolikus
12,Egyesült Államok,2,Római Katolikus
13,Egyesült Államok,2,Római Katolikus
14,Egyesült Államok,2,Római Katolikus
15,Egyesült Államok,2,Római Katolikus
16,Egyesült Államok,2,Római Katolikus
17,Egyesült Államok,2,Római Katolikus
18,Egyesült Államok,2,Római Katolikus
19,Egyesült Államok,2,Római Katolikus
20,Egyesült Államok,2,Római Katolikus
21,Egyesült Államok,2,Római Katolikus
22,Egyesült Államok,2,Római Katolikus
23,Egyesült Államok,2,Római Katolikus
24,Egyesült Államok,2,Római Katolikus
25,Egyesült Államok,2,Római Katolikus
26,Egyesült Államok,2,Római Katolikus
27,Egyesült Államok,2,Római Katolikus
28,Egyesült Államok,2,Római Katolikus
29,Egyesült Államok,2,Római Katolikus
30,Egyesült Államok,2,Római Katolikus
31,Egyesült Államok,2,Római Katolikus
32,Egyesült Államok,2,Római Katolikus
33,Egyesült Államok,2,Római Katolikus
34,Egyesült Államok,2,Római Katolikus
35,Egyesült Államok,2,Római Katolikus
36,Egyesült Államok,2,Római Katolikus
37,Egyesült Államok,2,Római Katolikus
38,Egyesült Államok,2,Római Katolikus
39,Egyesült Államok,2,Római Katolikus
40,Egyesült Államok,2,Római Katolikus
41,Egyesült Államok,2,Római Katolikus
42,Egyesült Államok,2,Római Katolikus
43,Egyesült Államok,2,Római Katolikus
44,Egyesült Államok,2,Római Katolikus
45,Egyesült Államok,2,Római Katolikus
46,Egyesült Államok,2,Római Katolikus
47,Egyesült Államok,2,Római Katolikus
48,Egyesült Államok,2,Római Katolikus
49,Egyesült Államok,2,Római Katolikus
50,Egyesült Államok,2,Római Katolikus
51,Egyesült Államok,2,Római Katolikus
52,Egyesült Államok,2,Római Katolikus
53,Egyesült Államok,2,Római Katolikus
54,Egyesült Államok,2,Római Katolikus
55,Egyesült Államok,2,Római Katolikus
56,Egyesült Államok,2,Római Katolikus
57,Egyesült Államok,2,Római Katolikus
58,Egyesült Államok,2,Római Katolikus
59,Egyesült Államok,2,Római Katolikus
60,Egyesült Államok,2,Római Katolikus
61,Egyesült Államok,2,Római Katolikus
62,Egyesült Államok,2,Római Katolikus
63,Egyesült Államok,2,Római Katolikus
64,Egyesült Államok,2,Római Katolikus
65,Egyesült Államok,2,Római Katolikus
66,Egyesült Államok,2,Római Katolikus
67,Egyesült Államok,2,Római Katolikus
68,Egyesült Államok,2,Római Katolikus
69,Egyesült Államok,2,Római Katolikus
70,Egyesült Államok,2,Római Katolikus
71,Egyesült Államok,10,Luteránizmus
72,Egyesült Államok,10,Luteránizmus
73,Egyesült Államok,10,Luteránizmus
74,Egyesült Államok,10,Luteránizmus
75,Egyesült Államok,10,Luteránizmus
76,Egyesült Államok,10,Luteránizmus
77,Egyesült Államok,10,Luteránizmus
78,Egyesült Államok,10,Luteránizmus
79,Egyesült Államok,10,Luteránizmus
80,Egyesült Államok,10,Luteránizmus
81,Egyesült Államok,10,Luteránizmus
82,Egyesült Államok,10,Luteránizmus
83,Egyesült Államok,10,Luteránizmus
84,Egyesült Államok,10,Luteránizmus
85,Egyesült Államok,10,Luteránizmus
86,Egyesült Államok,5,Egyéb
87,Egyesült Államok,5,Egyéb
88,Egyesült Államok,5,Egyéb
89,Egyesült Államok,5,Egyéb
90,Egyesült Államok,5,Egyéb
91,Egyesült Államok,5,Egyéb
92,Egyesült Államok,5,Egyéb
93,Egyesült Államok,5,Egyéb
94,Egyesült Államok,5,Egyéb
95,Egyesült Államok,5,Egyéb
96,Egyesült Államok,6,Kalvinizmus
97,Egyesült Államok,6,Kalvinizmus
98,Egyesült Államok,6,Kalvinizmus
99,Egyesült Államok,6,Kalvinizmus
100,Egyesült Államok,6,Kalvinizmus
1,Kanada,11,Görög_Katolikus
2,Kanada,11,Görög_Katolikus
3,Kanada,11,Görög_Katolikus
4,Kanada,11,Görög_Katolikus
5,Kanada,11,Görög_Katolikus
6,Kanada,11,Görög_Katolikus
7,Kanada,11,Görög_Katolikus
8,Kanada,11,Görög_Katolikus
9,Kanada,11,Görög_Katolikus
10,Kanada,11,Görög_Katolikus
11,Kanada,11,Görög_Katolikus
12,Kanada,11,Görög_Katolikus
13,Kanada,11,Görög_Katolikus
14,Kanada,11,Görög_Katolikus
15,Kanada,11,Görög_Katolikus
16,Kanada,11,Görög_Katolikus
17,Kanada,11,Görög_Katolikus
18,Kanada,11,Görög_Katolikus
19,Kanada,11,Görög_Katolikus
20,Kanada,11,Görög_Katolikus
21,Kanada,11,Görög_Katolikus
22,Kanada,11,Görög_Katolikus
23,Kanada,11,Görög_Katolikus
24,Kanada,11,Görög_Katolikus
25,Kanada,11,Görög_Katolikus
26,Kanada,11,Görög_Katolikus
27,Kanada,11,Görög_Katolikus
28,Kanada,11,Görög_Katolikus
29,Kanada,11,Görög_Katolikus
30,Kanada,11,Görög_Katolikus
31,Kanada,11,Görög_Katolikus
32,Kanada,11,Görög_Katolikus
33,Kanada,11,Görög_Katolikus
34,Kanada,11,Görög_Katolikus
35,Kanada,11,Görög_Katolikus
36,Kanada,11,Görög_Katolikus
37,Kanada,11,Görög_Katolikus
38,Kanada,11,Görög_Katolikus
39,Kanada,11,Görög_Katolikus
40,Kanada,11,Görög_Katolikus
41,Kanada,11,Görög_Katolikus
42,Kanada,11,Görög_Katolikus
43,Kanada,11,Görög_Katolikus
44,Kanada,11,Görög_Katolikus
45,Kanada,11,Görög_Katolikus
46,Kanada,11,Görög_Katolikus
47,Kanada,11,Görög_Katolikus
48,Kanada,11,Görög_Katolikus
49,Kanada,11,Görög_Katolikus
50,Kanada,11,Görög_Katolikus
51,Kanada,11,Görög_Katolikus
52,Kanada,11,Görög_Katolikus
53,Kanada,11,Görög_Katolikus
54,Kanada,11,Görög_Katolikus
55,Kanada,11,Görög_Katolikus
56,Kanada,11,Görög_Katolikus
57,Kanada,11,Görög_Katolikus
58,Kanada,11,Görög_Katolikus
59,Kanada,11,Görög_Katolikus
60,Kanada,11,Görög_Katolikus
61,Kanada,11,Görög_Katolikus
62,Kanada,11,Görög_Katolikus
63,Kanada,11,Görög_Katolikus
64,Kanada,11,Görög_Katolikus
65,Kanada,11,Görög_Katolikus
66,Kanada,11,Görög_Katolikus
67,Kanada,11,Görög_Katolikus
68,Kanada,11,Görög_Katolikus
69,Kanada,11,Görög_Katolikus
70,Kanada,11,Görög_Katolikus
71,Kanada,11,Görög_Katolikus
72,Kanada,11,Görög_Katolikus
73,Kanada,11,Görög_Katolikus
74,Kanada,11,Görög_Katolikus
75,Kanada,11,Görög_Katolikus
76,Kanada,11,Görög_Katolikus
77,Kanada,11,Görög_Katolikus
78,Kanada,11,Görög_Katolikus
79,Kanada,11,Görög_Katolikus
80,Kanada,11,Görög_Katolikus
81,Kanada,11,Görög_Katolikus
82,Kanada,11,Görög_Katolikus
83,Kanada,11,Görög_Katolikus
84,Kanada,11,Görög_Katolikus
85,Kanada,11,Görög_Katolikus
86,Kanada,11,Görög_Katolikus
87,Kanada,11,Görög_Katolikus
88,Kanada,5,Egyéb
89,Kanada,5,Egyéb
90,Kanada,5,Egyéb
91,Kanada,5,Egyéb
92,Kanada,5,Egyéb
93,Kanada,5,Egyéb
94,Kanada,5,Egyéb
95,Kanada,5,Egyéb
96,Kanada,2,Római Katolikus
97,Kanada,2,Római Katolikus
98,Kanada,2,Római Katolikus
99,Kanada,2,Római Katolikus
100,Kanada,2,Római Katolikus
1,Izrael,13,Zsidó
2,Izrael,13,Zsidó
3,Izrael,13,Zsidó
4,Izrael,13,Zsidó
5,Izrael,13,Zsidó
6,Izrael,13,Zsidó
7,Izrael,13,Zsidó
8,Izrael,13,Zsidó
9,Izrael,13,Zsidó
10,Izrael,13,Zsidó
11,Izrael,13,Zsidó
12,Izrael,13,Zsidó
13,Izrael,13,Zsidó
14,Izrael,13,Zsidó
15,Izrael,13,Zsidó
16,Izrael,13,Zsidó
17,Izrael,13,Zsidó
18,Izrael,13,Zsidó
19,Izrael,13,Zsidó
20,Izrael,13,Zsidó
21,Izrael,13,Zsidó
22,Izrael,13,Zsidó
23,Izrael,13,Zsidó
24,Izrael,13,Zsidó
25,Izrael,13,Zsidó
26,Izrael,13,Zsidó
27,Izrael,13,Zsidó
28,Izrael,13,Zsidó
29,Izrael,13,Zsidó
30,Izrael,13,Zsidó
31,Izrael,13,Zsidó
32,Izrael,13,Zsidó
33,Izrael,13,Zsidó
34,Izrael,13,Zsidó
35,Izrael,13,Zsidó
36,Izrael,13,Zsidó
37,Izrael,13,Zsidó
38,Izrael,13,Zsidó
39,Izrael,13,Zsidó
40,Izrael,13,Zsidó
41,Izrael,13,Zsidó
42,Izrael,13,Zsidó
43,Izrael,13,Zsidó
44,Izrael,13,Zsidó
45,Izrael,13,Zsidó
46,Izrael,13,Zsidó
47,Izrael,13,Zsidó
48,Izrael,13,Zsidó
49,Izrael,13,Zsidó
50,Izrael,13,Zsidó
51,Izrael,13,Zsidó
52,Izrael,13,Zsidó
53,Izrael,13,Zsidó
54,Izrael,13,Zsidó
55,Izrael,13,Zsidó
56,Izrael,13,Zsidó
57,Izrael,13,Zsidó
58,Izrael,13,Zsidó
59,Izrael,13,Zsidó
60,Izrael,13,Zsidó
61,Izrael,13,Zsidó
62,Izrael,13,Zsidó
63,Izrael,13,Zsidó
64,Izrael,13,Zsidó
65,Izrael,13,Zsidó
66,Izrael,13,Zsidó
67,Izrael,13,Zsidó
68,Izrael,13,Zsidó
69,Izrael,13,Zsidó
70,Izrael,13,Zsidó
71,Izrael,13,Zsidó
72,Izrael,13,Zsidó
73,Izrael,13,Zsidó
74,Izrael,13,Zsidó
75,Izrael,13,Zsidó
76,Izrael,13,Zsidó
77,Izrael,13,Zsidó
78,Izrael,13,Zsidó
79,Izrael,13,Zsidó
80,Izrael,13,Zsidó
81,Izrael,13,Zsidó
82,Izrael,13,Zsidó
83,Izrael,13,Zsidó
84,Izrael,7,Katolikus
85,Izrael,7,Katolikus
86,Izrael,7,Katolikus
87,Izrael,7,Katolikus
88,Izrael,7,Katolikus
89,Izrael,7,Katolikus
90,Izrael,6,Kalvinizmus
91,Izrael,6,Kalvinizmus
92,Izrael,6,Kalvinizmus
93,Izrael,6,Kalvinizmus
94,Izrael,6,Kalvinizmus
95,Izrael,6,Kalvinizmus
96,Izrael,5,Egyéb
97,Izrael,5,Egyéb
98,Izrael,5,Egyéb
99,Izrael,5,Egyéb
100,Izrael,5,Egyéb
1,Németország,7,Katolikus
2,Németország,7,Katolikus
3,Németország,7,Katolikus
4,Németország,7,Katolikus
5,Németország,7,Katolikus
6,Németország,7,Katolikus
7,Németország,7,Katolikus
8,Németország,7,Katolikus
9,Németország,7,Katolikus
10,Németország,7,Katolikus
11,Németország,7,Katolikus
12,Németország,7,Katolikus
13,Németország,7,Katolikus
14,Németország,7,Katolikus
15,Németország,7,Katolikus
16,Németország,7,Katolikus
17,Németország,7,Katolikus
18,Németország,7,Katolikus
19,Németország,7,Katolikus
20,Németország,7,Katolikus
21,Németország,7,Katolikus
22,Németország,7,Katolikus
23,Németország,7,Katolikus
24,Németország,7,Katolikus
25,Németország,7,Katolikus
26,Németország,7,Katolikus
27,Németország,7,Katolikus
28,Németország,7,Katolikus
29,Németország,7,Katolikus
30,Németország,7,Katolikus
31,Németország,7,Katolikus
32,Németország,7,Katolikus
33,Németország,7,Katolikus
34,Németország,7,Katolikus
35,Németország,7,Katolikus
36,Németország,7,Katolikus
37,Németország,7,Katolikus
38,Németország,7,Katolikus
39,Németország,7,Katolikus
40,Németország,7,Katolikus
41,Németország,7,Katolikus
42,Németország,7,Katolikus
43,Németország,7,Katolikus
44,Németország,7,Katolikus
45,Németország,7,Katolikus
46,Németország,7,Katolikus
47,Németország,7,Katolikus
48,Németország,7,Katolikus
49,Németország,7,Katolikus
50,Németország,7,Katolikus
51,Németország,7,Katolikus
52,Németország,7,Katolikus
53,Németország,7,Katolikus
54,Németország,7,Katolikus
55,Németország,7,Katolikus
56,Németország,7,Katolikus
57,Németország,7,Katolikus
58,Németország,7,Katolikus
59,Németország,7,Katolikus
60,Németország,7,Katolikus
61,Németország,7,Katolikus
62,Németország,7,Katolikus
63,Németország,7,Katolikus
64,Németország,7,Katolikus
65,Németország,7,Katolikus
66,Németország,7,Katolikus
67,Németország,7,Katolikus
68,Németország,7,Katolikus
69,Németország,7,Katolikus
70,Németország,7,Katolikus
71,Németország,7,Katolikus
72,Németország,7,Katolikus
73,Németország,7,Katolikus
74,Németország,7,Katolikus
75,Németország,7,Katolikus
76,Németország,7,Katolikus
77,Németország,5,Egyéb
78,Németország,5,Egyéb
79,Németország,5,Egyéb
80,Németország,5,Egyéb
81,Németország,5,Egyéb
82,Németország,5,Egyéb
83,Németország,5,Egyéb
84,Németország,5,Egyéb
85,Németország,5,Egyéb
86,Németország,5,Egyéb
87,Németország,5,Egyéb
88,Németország,5,Egyéb
89,Németország,5,Egyéb
90,Németország,5,Egyéb
91,Németország,6,Kalvinizmus
92,Németország,6,Kalvinizmus
93,Németország,6,Kalvinizmus
94,Németország,6,Kalvinizmus
95,Németország,6,Kalvinizmus
96,Németország,6,Kalvinizmus
97,Németország,6,Kalvinizmus
98,Németország,6,Kalvinizmus
99,Németország,6,Kalvinizmus
100,Németország,6,Kalvinizmus
1,Brazília,7,Katolikus
2,Brazília,7,Katolikus
3,Brazília,7,Katolikus
4,Brazília,7,Katolikus
5,Brazília,7,Katolikus
6,Brazília,7,Katolikus
7,Brazília,7,Katolikus
8,Brazília,7,Katolikus
9,Brazília,7,Katolikus
10,Brazília,7,Katolikus
11,Brazília,7,Katolikus
12,Brazília,7,Katolikus
13,Brazília,7,Katolikus
14,Brazília,7,Katolikus
15,Brazília,7,Katolikus
16,Brazília,7,Katolikus
17,Brazília,7,Katolikus
18,Brazília,7,Katolikus
19,Brazília,7,Katolikus
20,Brazília,7,Katolikus
21,Brazília,7,Katolikus
22,Brazília,7,Katolikus
23,Brazília,7,Katolikus
24,Brazília,7,Katolikus
25,Brazília,7,Katolikus
26,Brazília,7,Katolikus
27,Brazília,7,Katolikus
28,Brazília,7,Katolikus
29,Brazília,7,Katolikus
30,Brazília,7,Katolikus
31,Brazília,7,Katolikus
32,Brazília,7,Katolikus
33,Brazília,7,Katolikus
34,Brazília,7,Katolikus
35,Brazília,7,Katolikus
36,Brazília,7,Katolikus
37,Brazília,7,Katolikus
38,Brazília,7,Katolikus
39,Brazília,7,Katolikus
40,Brazília,7,Katolikus
41,Brazília,7,Katolikus
42,Brazília,7,Katolikus
43,Brazília,7,Katolikus
44,Brazília,7,Katolikus
45,Brazília,7,Katolikus
46,Brazília,7,Katolikus
47,Brazília,7,Katolikus
48,Brazília,7,Katolikus
49,Brazília,7,Katolikus
50,Brazília,7,Katolikus
51,Brazília,7,Katolikus
52,Brazília,7,Katolikus
53,Brazília,7,Katolikus
54,Brazília,7,Katolikus
55,Brazília,7,Katolikus
56,Brazília,7,Katolikus
57,Brazília,7,Katolikus
58,Brazília,7,Katolikus
59,Brazília,7,Katolikus
60,Brazília,7,Katolikus
61,Brazília,7,Katolikus
62,Brazília,7,Katolikus
63,Brazília,7,Katolikus
64,Brazília,7,Katolikus
65,Brazília,7,Katolikus
66,Brazília,7,Katolikus
67,Brazília,7,Katolikus
68,Brazília,7,Katolikus
69,Brazília,7,Katolikus
70,Brazília,7,Katolikus
71,Brazília,7,Katolikus
72,Brazília,7,Katolikus
73,Brazília,7,Katolikus
74,Brazília,7,Katolikus
75,Brazília,7,Katolikus
76,Brazília,7,Katolikus
77,Brazília,7,Katolikus
78,Brazília,7,Katolikus
79,Brazília,7,Katolikus
80,Brazília,7,Katolikus
81,Brazília,13,Zsidó
82,Brazília,13,Zsidó
83,Brazília,13,Zsidó
84,Brazília,13,Zsidó
85,Brazília,13,Zsidó
86,Brazília,13,Zsidó
87,Brazília,13,Zsidó
88,Brazília,13,Zsidó
89,Brazília,13,Zsidó
90,Brazília,13,Zsidó
91,Brazília,5,Egyéb
92,Brazília,5,Egyéb
93,Brazília,5,Egyéb
94,Brazília,5,Egyéb
95,Brazília,5,Egyéb
96,Brazília,5,Egyéb
97,Brazília,5,Egyéb
98,Brazília,5,Egyéb
99,Brazília,5,Egyéb
100,Brazília,5,Egyéb
1,Ausztrália,7,Katolikus
2,Ausztrália,7,Katolikus
3,Ausztrália,7,Katolikus
4,Ausztrália,7,Katolikus
5,Ausztrália,7,Katolikus
6,Ausztrália,7,Katolikus
7,Ausztrália,7,Katolikus
8,Ausztrália,7,Katolikus
9,Ausztrália,7,Katolikus
10,Ausztrália,7,Katolikus
11,Ausztrália,7,Katolikus
12,Ausztrália,7,Katolikus
13,Ausztrália,7,Katolikus
14,Ausztrália,7,Katolikus
15,Ausztrália,7,Katolikus
16,Ausztrália,7,Katolikus
17,Ausztrália,7,Katolikus
18,Ausztrália,7,Katolikus
19,Ausztrália,7,Katolikus
20,Ausztrália,7,Katolikus
21,Ausztrália,7,Katolikus
22,Ausztrália,7,Katolikus
23,Ausztrália,7,Katolikus
24,Ausztrália,7,Katolikus
25,Ausztrália,7,Katolikus
26,Ausztrália,7,Katolikus
27,Ausztrália,7,Katolikus
28,Ausztrália,7,Katolikus
29,Ausztrália,7,Katolikus
30,Ausztrália,7,Katolikus
31,Ausztrália,7,Katolikus
32,Ausztrália,7,Katolikus
33,Ausztrália,7,Katolikus
34,Ausztrália,7,Katolikus
35,Ausztrália,7,Katolikus
36,Ausztrália,7,Katolikus
37,Ausztrália,7,Katolikus
38,Ausztrália,7,Katolikus
39,Ausztrália,7,Katolikus
40,Ausztrália,7,Katolikus
41,Ausztrália,7,Katolikus
42,Ausztrália,7,Katolikus
43,Ausztrália,7,Katolikus
44,Ausztrália,7,Katolikus
45,Ausztrália,7,Katolikus
46,Ausztrália,7,Katolikus
47,Ausztrália,7,Katolikus
48,Ausztrália,7,Katolikus
49,Ausztrália,7,Katolikus
50,Ausztrália,7,Katolikus
51,Ausztrália,7,Katolikus
52,Ausztrália,7,Katolikus
53,Ausztrália,7,Katolikus
54,Ausztrália,7,Katolikus
55,Ausztrália,7,Katolikus
56,Ausztrália,7,Katolikus
57,Ausztrália,7,Katolikus
58,Ausztrália,7,Katolikus
59,Ausztrália,7,Katolikus
60,Ausztrália,7,Katolikus
61,Ausztrália,7,Katolikus
62,Ausztrália,7,Katolikus
63,Ausztrália,7,Katolikus
64,Ausztrália,7,Katolikus
65,Ausztrália,7,Katolikus
66,Ausztrália,7,Katolikus
67,Ausztrália,7,Katolikus
68,Ausztrália,7,Katolikus
69,Ausztrália,7,Katolikus
70,Ausztrália,7,Katolikus
71,Ausztrália,7,Katolikus
72,Ausztrália,7,Katolikus
73,Ausztrália,7,Katolikus
74,Ausztrália,12,Ateizmus
75,Ausztrália,12,Ateizmus
76,Ausztrália,12,Ateizmus
77,Ausztrália,12,Ateizmus
78,Ausztrália,12,Ateizmus
79,Ausztrália,12,Ateizmus
80,Ausztrália,12,Ateizmus
81,Ausztrália,12,Ateizmus
82,Ausztrália,12,Ateizmus
83,Ausztrália,12,Ateizmus
84,Ausztrália,12,Ateizmus
85,Ausztrália,12,Ateizmus
86,Ausztrália,5,Egyéb
87,Ausztrália,5,Egyéb
88,Ausztrália,5,Egyéb
89,Ausztrália,5,Egyéb
90,Ausztrália,5,Egyéb
91,Ausztrália,5,Egyéb
92,Ausztrália,5,Egyéb
93,Ausztrália,5,Egyéb
94,Ausztrália,13,Zsidó
95,Ausztrália,13,Zsidó
96,Ausztrália,13,Zsidó
97,Ausztrália,13,Zsidó
98,Ausztrália,13,Zsidó
99,Ausztrália,13,Zsidó
100,Ausztrália,13,Zsidó
1,Egyesült Királyság,7,Katolikus
2,Egyesült Királyság,7,Katolikus
3,Egyesült Királyság,7,Katolikus
4,Egyesült Királyság,7,Katolikus
5,Egyesült Királyság,7,Katolikus
6,Egyesült Királyság,7,Katolikus
7,Egyesült Királyság,7,Katolikus
8,Egyesült Királyság,7,Katolikus
9,Egyesült Királyság,7,Katolikus
10,Egyesült Királyság,7,Katolikus
11,Egyesült Királyság,7,Katolikus
12,Egyesült Királyság,7,Katolikus
13,Egyesült Királyság,7,Katolikus
14,Egyesült Királyság,7,Katolikus
15,Egyesült Királyság,7,Katolikus
16,Egyesült Királyság,7,Katolikus
17,Egyesült Királyság,7,Katolikus
18,Egyesült Királyság,7,Katolikus
19,Egyesült Királyság,7,Katolikus
20,Egyesült Királyság,7,Katolikus
21,Egyesült Királyság,7,Katolikus
22,Egyesült Királyság,7,Katolikus
23,Egyesült Királyság,7,Katolikus
24,Egyesült Királyság,7,Katolikus
25,Egyesült Királyság,7,Katolikus
26,Egyesült Királyság,7,Katolikus
27,Egyesült Királyság,7,Katolikus
28,Egyesült Királyság,7,Katolikus
29,Egyesült Királyság,7,Katolikus
30,Egyesült Királyság,7,Katolikus
31,Egyesült Királyság,7,Katolikus
32,Egyesült Királyság,7,Katolikus
33,Egyesült Királyság,7,Katolikus
34,Egyesült Királyság,7,Katolikus
35,Egyesült Királyság,7,Katolikus
36,Egyesült Királyság,7,Katolikus
37,Egyesült Királyság,7,Katolikus
38,Egyesült Királyság,7,Katolikus
39,Egyesült Királyság,7,Katolikus
40,Egyesült Királyság,7,Katolikus
41,Egyesült Királyság,7,Katolikus
42,Egyesült Királyság,7,Katolikus
43,Egyesült Királyság,7,Katolikus
44,Egyesült Királyság,7,Katolikus
45,Egyesült Királyság,7,Katolikus
46,Egyesült Királyság,7,Katolikus
47,Egyesült Királyság,7,Katolikus
48,Egyesült Királyság,7,Katolikus
49,Egyesült Királyság,7,Katolikus
50,Egyesült Királyság,7,Katolikus
51,Egyesült Királyság,7,Katolikus
52,Egyesült Királyság,7,Katolikus
53,Egyesült Királyság,7,Katolikus
54,Egyesült Királyság,7,Katolikus
55,Egyesült Királyság,7,Katolikus
56,Egyesült Királyság,7,Katolikus
57,Egyesült Királyság,7,Katolikus
58,Egyesült Királyság,7,Katolikus
59,Egyesült Királyság,7,Katolikus
60,Egyesült Királyság,7,Katolikus
61,Egyesült Királyság,7,Katolikus
62,Egyesült Királyság,7,Katolikus
63,Egyesült Királyság,7,Katolikus
64,Egyesült Királyság,7,Katolikus
65,Egyesült Királyság,7,Katolikus
66,Egyesült Királyság,7,Katolikus
67,Egyesült Királyság,8,Protesztáns
68,Egyesült Királyság,8,Protesztáns
69,Egyesült Királyság,8,Protesztáns
70,Egyesült Királyság,8,Protesztáns
71,Egyesült Királyság,8,Protesztáns
72,Egyesült Királyság,8,Protesztáns
73,Egyesült Királyság,8,Protesztáns
74,Egyesült Királyság,8,Protesztáns
75,Egyesült Királyság,8,Protesztáns
76,Egyesült Királyság,8,Protesztáns
77,Egyesült Királyság,8,Protesztáns
78,Egyesült Királyság,8,Protesztáns
79,Egyesült Királyság,8,Protesztáns
80,Egyesült Királyság,8,Protesztáns
81,Egyesült Királyság,8,Protesztáns
82,Egyesült Királyság,8,Protesztáns
83,Egyesült Királyság,8,Protesztáns
84,Egyesült Királyság,8,Protesztáns
85,Egyesült Királyság,8,Protesztáns
86,Egyesült Királyság,8,Protesztáns
87,Egyesült Királyság,8,Protesztáns
88,Egyesült Királyság,13,Zsidó
89,Egyesült Királyság,13,Zsidó
90,Egyesült Királyság,13,Zsidó
91,Egyesült Királyság,13,Zsidó
92,Egyesült Királyság,13,Zsidó
93,Egyesült Királyság,13,Zsidó
94,Egyesült Királyság,13,Zsidó
95,Egyesült Királyság,5,Egyéb
96,Egyesült Királyság,5,Egyéb
97,Egyesült Királyság,5,Egyéb
98,Egyesült Királyság,5,Egyéb
99,Egyesült Királyság,5,Egyéb
100,Egyesült Királyság,5,Egyéb
1,Chile,7,Katolikus
2,Chile,7,Katolikus
3,Chile,7,Katolikus
4,Chile,7,Katolikus
5,Chile,7,Katolikus
6,Chile,7,Katolikus
7,Chile,7,Katolikus
8,Chile,7,Katolikus
9,Chile,7,Katolikus
10,Chile,7,Katolikus
11,Chile,7,Katolikus
12,Chile,7,Katolikus
13,Chile,7,Katolikus
14,Chile,7,Katolikus
15,Chile,7,Katolikus
16,Chile,7,Katolikus
17,Chile,7,Katolikus
18,Chile,7,Katolikus
19,Chile,7,Katolikus
20,Chile,7,Katolikus
21,Chile,7,Katolikus
22,Chile,7,Katolikus
23,Chile,7,Katolikus
24,Chile,7,Katolikus
25,Chile,7,Katolikus
26,Chile,7,Katolikus
27,Chile,7,Katolikus
28,Chile,7,Katolikus
29,Chile,7,Katolikus
30,Chile,7,Katolikus
31,Chile,7,Katolikus
32,Chile,7,Katolikus
33,Chile,7,Katolikus
34,Chile,7,Katolikus
35,Chile,7,Katolikus
36,Chile,7,Katolikus
37,Chile,7,Katolikus
38,Chile,7,Katolikus
39,Chile,7,Katolikus
40,Chile,7,Katolikus
41,Chile,7,Katolikus
42,Chile,7,Katolikus
43,Chile,7,Katolikus
44,Chile,7,Katolikus
45,Chile,7,Katolikus
46,Chile,7,Katolikus
47,Chile,7,Katolikus
48,Chile,7,Katolikus
49,Chile,7,Katolikus
50,Chile,7,Katolikus
51,Chile,7,Katolikus
52,Chile,7,Katolikus
53,Chile,7,Katolikus
54,Chile,7,Katolikus
55,Chile,7,Katolikus
56,Chile,7,Katolikus
57,Chile,7,Katolikus
58,Chile,7,Katolikus
59,Chile,7,Katolikus
60,Chile,7,Katolikus
61,Chile,7,Katolikus
62,Chile,7,Katolikus
63,Chile,7,Katolikus
64,Chile,7,Katolikus
65,Chile,7,Katolikus
66,Chile,7,Katolikus
67,Chile,7,Katolikus
68,Chile,7,Katolikus
69,Chile,7,Katolikus
70,Chile,7,Katolikus
71,Chile,7,Katolikus
72,Chile,7,Katolikus
73,Chile,7,Katolikus
74,Chile,7,Katolikus
75,Chile,7,Katolikus
76,Chile,7,Katolikus
77,Chile,7,Katolikus
78,Chile,7,Katolikus
79,Chile,8,Protesztáns
80,Chile,8,Protesztáns
81,Chile,8,Protesztáns
82,Chile,8,Protesztáns
83,Chile,8,Protesztáns
84,Chile,8,Protesztáns
85,Chile,8,Protesztáns
86,Chile,8,Protesztáns
87,Chile,8,Protesztáns
88,Chile,8,Protesztáns
89,Chile,8,Protesztáns
90,Chile,8,Protesztáns
91,Chile,8,Protesztáns
91,Chile,8,Protesztáns
92,Chile,13,Zsidó
93,Chile,13,Zsidó
94,Chile,13,Zsidó
95,Chile,13,Zsidó
96,Chile,13,Zsidó
97,Chile,5,Egyéb
98,Chile,5,Egyéb
99,Chile,5,Egyéb
100,Chile,5,Egyéb
1,Argentína,7,Katolikus
2,Argentína,7,Katolikus
3,Argentína,7,Katolikus
4,Argentína,7,Katolikus
5,Argentína,7,Katolikus
6,Argentína,7,Katolikus
7,Argentína,7,Katolikus
8,Argentína,7,Katolikus
9,Argentína,7,Katolikus
10,Argentína,7,Katolikus
11,Argentína,7,Katolikus
12,Argentína,7,Katolikus
13,Argentína,7,Katolikus
14,Argentína,7,Katolikus
15,Argentína,7,Katolikus
16,Argentína,7,Katolikus
17,Argentína,7,Katolikus
18,Argentína,7,Katolikus
19,Argentína,7,Katolikus
20,Argentína,7,Katolikus
21,Argentína,7,Katolikus
22,Argentína,7,Katolikus
23,Argentína,7,Katolikus
24,Argentína,7,Katolikus
25,Argentína,7,Katolikus
26,Argentína,7,Katolikus
27,Argentína,7,Katolikus
28,Argentína,7,Katolikus
29,Argentína,7,Katolikus
30,Argentína,7,Katolikus
31,Argentína,7,Katolikus
32,Argentína,7,Katolikus
33,Argentína,7,Katolikus
34,Argentína,7,Katolikus
35,Argentína,7,Katolikus
36,Argentína,7,Katolikus
37,Argentína,7,Katolikus
38,Argentína,7,Katolikus
39,Argentína,7,Katolikus
40,Argentína,7,Katolikus
41,Argentína,7,Katolikus
42,Argentína,7,Katolikus
43,Argentína,7,Katolikus
44,Argentína,7,Katolikus
45,Argentína,7,Katolikus
46,Argentína,7,Katolikus
47,Argentína,7,Katolikus
48,Argentína,7,Katolikus
49,Argentína,7,Katolikus
50,Argentína,7,Katolikus
51,Argentína,7,Katolikus
52,Argentína,7,Katolikus
53,Argentína,7,Katolikus
54,Argentína,7,Katolikus
55,Argentína,7,Katolikus
56,Argentína,7,Katolikus
57,Argentína,7,Katolikus
58,Argentína,7,Katolikus
59,Argentína,7,Katolikus
60,Argentína,7,Katolikus
61,Argentína,7,Katolikus
62,Argentína,7,Katolikus
63,Argentína,7,Katolikus
64,Argentína,7,Katolikus
65,Argentína,7,Katolikus
66,Argentína,7,Katolikus
67,Argentína,7,Katolikus
68,Argentína,7,Katolikus
69,Argentína,7,Katolikus
70,Argentína,7,Katolikus
71,Argentína,7,Katolikus
72,Argentína,7,Katolikus
73,Argentína,7,Katolikus
74,Argentína,7,Katolikus
75,Argentína,7,Katolikus
76,Argentína,7,Katolikus
77,Argentína,7,Katolikus
78,Argentína,7,Katolikus
79,Argentína,7,Katolikus
80,Argentína,7,Katolikus
81,Argentína,7,Katolikus
82,Argentína,7,Katolikus
83,Argentína,7,Katolikus
84,Argentína,7,Katolikus
85,Argentína,7,Katolikus
86,Argentína,7,Katolikus
87,Argentína,5,Egyéb
88,Argentína,5,Egyéb
89,Argentína,5,Egyéb
90,Argentína,5,Egyéb
91,Argentína,5,Egyéb
92,Argentína,5,Egyéb
93,Argentína,5,Egyéb
94,Argentína,5,Egyéb
95,Argentína,5,Egyéb
96,Argentína,5,Egyéb
97,Argentína,13,Zsidó
98,Argentína,13,Zsidó
99,Argentína,13,Zsidó
100,Argentína,13,Zsidó
1,Finnország,7,Katolikus
2,Finnország,7,Katolikus
3,Finnország,7,Katolikus
4,Finnország,7,Katolikus
5,Finnország,7,Katolikus
6,Finnország,7,Katolikus
7,Finnország,7,Katolikus
8,Finnország,7,Katolikus
9,Finnország,7,Katolikus
10,Finnország,7,Katolikus
11,Finnország,7,Katolikus
12,Finnország,7,Katolikus
13,Finnország,7,Katolikus
14,Finnország,7,Katolikus
15,Finnország,7,Katolikus
16,Finnország,7,Katolikus
17,Finnország,7,Katolikus
18,Finnország,7,Katolikus
19,Finnország,7,Katolikus
20,Finnország,7,Katolikus
21,Finnország,7,Katolikus
22,Finnország,7,Katolikus
23,Finnország,7,Katolikus
24,Finnország,7,Katolikus
25,Finnország,7,Katolikus
26,Finnország,7,Katolikus
27,Finnország,7,Katolikus
28,Finnország,7,Katolikus
29,Finnország,7,Katolikus
30,Finnország,7,Katolikus
31,Finnország,7,Katolikus
32,Finnország,7,Katolikus
33,Finnország,7,Katolikus
34,Finnország,7,Katolikus
35,Finnország,7,Katolikus
36,Finnország,7,Katolikus
37,Finnország,7,Katolikus
38,Finnország,7,Katolikus
39,Finnország,7,Katolikus
40,Finnország,7,Katolikus
41,Finnország,7,Katolikus
42,Finnország,7,Katolikus
43,Finnország,7,Katolikus
44,Finnország,7,Katolikus
45,Finnország,7,Katolikus
46,Finnország,7,Katolikus
47,Finnország,7,Katolikus
48,Finnország,7,Katolikus
49,Finnország,7,Katolikus
50,Finnország,7,Katolikus
51,Finnország,7,Katolikus
52,Finnország,7,Katolikus
53,Finnország,7,Katolikus
54,Finnország,7,Katolikus
55,Finnország,7,Katolikus
56,Finnország,7,Katolikus
57,Finnország,7,Katolikus
58,Finnország,7,Katolikus
59,Finnország,7,Katolikus
60,Finnország,7,Katolikus
61,Finnország,7,Katolikus
62,Finnország,7,Katolikus
63,Finnország,7,Katolikus
64,Finnország,7,Katolikus
65,Finnország,7,Katolikus
66,Finnország,7,Katolikus
67,Finnország,7,Katolikus
68,Finnország,7,Katolikus
69,Finnország,7,Katolikus
70,Finnország,7,Katolikus
71,Finnország,7,Katolikus
72,Finnország,7,Katolikus
73,Finnország,7,Katolikus
74,Finnország,7,Katolikus
75,Finnország,7,Katolikus
76,Finnország,7,Katolikus
77,Finnország,7,Katolikus
78,Finnország,7,Katolikus
79,Finnország,7,Katolikus
80,Finnország,7,Katolikus
81,Finnország,7,Katolikus
82,Finnország,7,Katolikus
83,Finnország,7,Katolikus
84,Finnország,7,Katolikus
85,Finnország,7,Katolikus
86,Finnország,7,Katolikus
87,Finnország,7,Katolikus
88,Finnország,5,Egyéb
89,Finnország,5,Egyéb
90,Finnország,5,Egyéb
91,Finnország,5,Egyéb
92,Finnország,5,Egyéb
93,Finnország,5,Egyéb
94,Finnország,5,Egyéb
95,Finnország,5,Egyéb
96,Finnország,6,Kalvinizmus
97,Finnország,6,Kalvinizmus
98,Finnország,6,Kalvinizmus
99,Finnország,6,Kalvinizmus
100,Finnország,6,Kalvinizmus
1,Új-Zéland,14,Keresztény
2,Új-Zéland,14,Keresztény
3,Új-Zéland,14,Keresztény
4,Új-Zéland,14,Keresztény
5,Új-Zéland,14,Keresztény
6,Új-Zéland,14,Keresztény
7,Új-Zéland,14,Keresztény
8,Új-Zéland,14,Keresztény
9,Új-Zéland,14,Keresztény
10,Új-Zéland,14,Keresztény
11,Új-Zéland,14,Keresztény
12,Új-Zéland,14,Keresztény
13,Új-Zéland,14,Keresztény
14,Új-Zéland,14,Keresztény
15,Új-Zéland,14,Keresztény
16,Új-Zéland,14,Keresztény
17,Új-Zéland,14,Keresztény
18,Új-Zéland,14,Keresztény
19,Új-Zéland,14,Keresztény
20,Új-Zéland,14,Keresztény
21,Új-Zéland,14,Keresztény
22,Új-Zéland,14,Keresztény
23,Új-Zéland,14,Keresztény
24,Új-Zéland,14,Keresztény
25,Új-Zéland,14,Keresztény
26,Új-Zéland,14,Keresztény
27,Új-Zéland,14,Keresztény
28,Új-Zéland,14,Keresztény
29,Új-Zéland,14,Keresztény
30,Új-Zéland,14,Keresztény
31,Új-Zéland,14,Keresztény
32,Új-Zéland,14,Keresztény
33,Új-Zéland,14,Keresztény
34,Új-Zéland,14,Keresztény
35,Új-Zéland,14,Keresztény
36,Új-Zéland,14,Keresztény
37,Új-Zéland,14,Keresztény
38,Új-Zéland,14,Keresztény
39,Új-Zéland,14,Keresztény
40,Új-Zéland,14,Keresztény
41,Új-Zéland,14,Keresztény
42,Új-Zéland,14,Keresztény
43,Új-Zéland,14,Keresztény
44,Új-Zéland,14,Keresztény
45,Új-Zéland,14,Keresztény
46,Új-Zéland,14,Keresztény
47,Új-Zéland,14,Keresztény
48,Új-Zéland,14,Keresztény
49,Új-Zéland,14,Keresztény
50,Új-Zéland,14,Keresztény
51,Új-Zéland,14,Keresztény
52,Új-Zéland,14,Keresztény
53,Új-Zéland,14,Keresztény
54,Új-Zéland,14,Keresztény
55,Új-Zéland,14,Keresztény
56,Új-Zéland,14,Keresztény
57,Új-Zéland,14,Keresztény
58,Új-Zéland,14,Keresztény
59,Új-Zéland,14,Keresztény
60,Új-Zéland,14,Keresztény
61,Új-Zéland,14,Keresztény
62,Új-Zéland,14,Keresztény
63,Új-Zéland,14,Keresztény
64,Új-Zéland,14,Keresztény
65,Új-Zéland,14,Keresztény
66,Új-Zéland,14,Keresztény
67,Új-Zéland,14,Keresztény
68,Új-Zéland,14,Keresztény
69,Új-Zéland,14,Keresztény
70,Új-Zéland,14,Keresztény
71,Új-Zéland,14,Keresztény
72,Új-Zéland,14,Keresztény
73,Új-Zéland,14,Keresztény
74,Új-Zéland,14,Keresztény
75,Új-Zéland,14,Keresztény
76,Új-Zéland,14,Keresztény
77,Új-Zéland,14,Keresztény
78,Új-Zéland,14,Keresztény
79,Új-Zéland,14,Keresztény
80,Új-Zéland,14,Keresztény
81,Új-Zéland,14,Keresztény
82,Új-Zéland,14,Keresztény
83,Új-Zéland,14,Keresztény
84,Új-Zéland,14,Keresztény
85,Új-Zéland,14,Keresztény
86,Új-Zéland,5,Egyéb
87,Új-Zéland,5,Egyéb
88,Új-Zéland,5,Egyéb
89,Új-Zéland,5,Egyéb
90,Új-Zéland,5,Egyéb
91,Új-Zéland,5,Egyéb
92,Új-Zéland,5,Egyéb
93,Új-Zéland,5,Egyéb
94,Új-Zéland,5,Egyéb
95,Új-Zéland,13,Zsidó
96,Új-Zéland,13,Zsidó
97,Új-Zéland,13,Zsidó
98,Új-Zéland,13,Zsidó
99,Új-Zéland,13,Zsidó
100,Új-Zéland,13,Zsidó
1,Magyarország,2,Római Katolikus
2,Magyarország,2,Római Katolikus
3,Magyarország,2,Római Katolikus
4,Magyarország,2,Római Katolikus
5,Magyarország,2,Római Katolikus
6,Magyarország,2,Római Katolikus
7,Magyarország,2,Római Katolikus
8,Magyarország,2,Római Katolikus
9,Magyarország,2,Római Katolikus
10,Magyarország,2,Római Katolikus
11,Magyarország,2,Római Katolikus
12,Magyarország,2,Római Katolikus
13,Magyarország,2,Római Katolikus
14,Magyarország,2,Római Katolikus
15,Magyarország,2,Római Katolikus
16,Magyarország,2,Római Katolikus
17,Magyarország,2,Római Katolikus
18,Magyarország,2,Római Katolikus
19,Magyarország,2,Római Katolikus
20,Magyarország,2,Római Katolikus
21,Magyarország,2,Római Katolikus
22,Magyarország,2,Római Katolikus
23,Magyarország,2,Római Katolikus
24,Magyarország,2,Római Katolikus
25,Magyarország,2,Római Katolikus
26,Magyarország,2,Római Katolikus
27,Magyarország,2,Római Katolikus
28,Magyarország,2,Római Katolikus
29,Magyarország,2,Római Katolikus
30,Magyarország,2,Római Katolikus
31,Magyarország,2,Római Katolikus
32,Magyarország,2,Római Katolikus
33,Magyarország,2,Római Katolikus
34,Magyarország,2,Római Katolikus
35,Magyarország,2,Római Katolikus
36,Magyarország,2,Római Katolikus
37,Magyarország,2,Római Katolikus
38,Magyarország,16,Nem bejellentett
39,Magyarország,16,Nem bejellentett
40,Magyarország,16,Nem bejellentett
41,Magyarország,16,Nem bejellentett
42,Magyarország,16,Nem bejellentett
43,Magyarország,16,Nem bejellentett
44,Magyarország,16,Nem bejellentett
45,Magyarország,16,Nem bejellentett
46,Magyarország,16,Nem bejellentett
47,Magyarország,16,Nem bejellentett
48,Magyarország,16,Nem bejellentett
49,Magyarország,16,Nem bejellentett
50,Magyarország,16,Nem bejellentett
51,Magyarország,16,Nem bejellentett
52,Magyarország,16,Nem bejellentett
53,Magyarország,16,Nem bejellentett
54,Magyarország,16,Nem bejellentett
55,Magyarország,16,Nem bejellentett
56,Magyarország,16,Nem bejellentett
57,Magyarország,16,Nem bejellentett
58,Magyarország,16,Nem bejellentett
59,Magyarország,16,Nem bejellentett
60,Magyarország,16,Nem bejellentett
61,Magyarország,16,Nem bejellentett
62,Magyarország,16,Nem bejellentett
63,Magyarország,16,Nem bejellentett
64,Magyarország,16,Nem bejellentett
65,Magyarország,15,Hittetlen
66,Magyarország,15,Hittetlen
67,Magyarország,15,Hittetlen
68,Magyarország,15,Hittetlen
69,Magyarország,15,Hittetlen
70,Magyarország,15,Hittetlen
71,Magyarország,15,Hittetlen
72,Magyarország,15,Hittetlen
73,Magyarország,15,Hittetlen
74,Magyarország,15,Hittetlen
75,Magyarország,15,Hittetlen
76,Magyarország,15,Hittetlen
77,Magyarország,15,Hittetlen
78,Magyarország,15,Hittetlen
79,Magyarország,15,Hittetlen
80,Magyarország,15,Hittetlen
81,Magyarország,15,Hittetlen
82,Magyarország,6,Kalvinizmus
83,Magyarország,6,Kalvinizmus
84,Magyarország,6,Kalvinizmus
85,Magyarország,6,Kalvinizmus
86,Magyarország,6,Kalvinizmus
87,Magyarország,6,Kalvinizmus
88,Magyarország,6,Kalvinizmus
89,Magyarország,6,Kalvinizmus
90,Magyarország,6,Kalvinizmus
91,Magyarország,6,Kalvinizmus
92,Magyarország,6,Kalvinizmus
93,Magyarország,6,Kalvinizmus
94,Magyarország,12,Ateizmus
95,Magyarország,12,Ateizmus
96,Magyarország,11,Görög_Katolikus
97,Magyarország,11,Görög_Katolikus
98,Magyarország,10,Luteránizmus
99,Magyarország,10, Luteránizmus
100,Magyarország,14, Keresztény
